,dataset,sacrebleu_score,bert_score,bleurt_score,ttr_text,ttr_token,TSD,SSD,SD,TSD_norm,SSD_norm,SD_norm,SelfBleu
0,assets/AG_NEWS\INV\text.npy,32.45715396772426,0.8858675956726074,-0.5274131119251251,0.6646706586826348,0.23713235294117646,108.74732404742707,9.969192418804122,3.2143946893474307,0.1018184651989092,0.9969192646381069,0.20089966808421442,0.09129048017447033
1,assets/AG_NEWS\INVSIB\text.npy,20.456728696416793,0.8255332708358765,-1.1657099604606629,0.4564983888292159,0.36436597110754415,165.21104398574718,9.800388594861335,2.032315283776437,0.14547607275390828,0.9800392612623167,0.08836153407723639,0.09314956082758383
2,assets/AG_NEWS\ORIG\text.npy,100.00000000000004,1.0,0.880828857421875,0.6361746361746362,0.5723905723905723,124.14999517804074,9.688634705615327,3.471203482345658,0.22762675048942543,0.968863272218908,0.26701565248812753,0.09142704596557717
3,assets/AG_NEWS\SentMix\text.npy,52.65549388215413,0.9396522641181946,0.1346053771674633,0.6013143483023001,0.5311653116531165,147.53217601987265,9.439495446716144,2.1957128928262932,0.1444242672572342,0.9439490616350164,0.08445049587793435,0.07349662962703365
4,assets/AG_NEWS\SIB\text.npy,33.62316669443992,0.8773103952407837,-0.9434387519955635,0.5843439911797134,0.5040946314831665,134.09216850291156,8.841686204778519,2.449186864402504,0.13137825249977625,0.8841687849332887,0.09796747457610015,0.09094905190393772
5,assets/AG_NEWS\TextMix\text.npy,49.92521793114267,0.927625298500061,-0.02698749154806137,0.601081081081081,0.513986013986014,145.42334641218812,9.172741006527223,2.2313655314751824,0.1373842549018176,0.9172766101833194,0.08582175121058394,0.07584640008175725
6,assets/AG_NEWS\WordMix\text.npy,52.65549388215413,0.9396522641181946,0.1346053771674633,0.6013143483023001,0.5311653116531165,147.33921869613692,9.439486362533925,2.1957128928262932,0.14434388991443453,0.943950548251465,0.08445049587793435,0.07349662962703365
