,eval_loss,eval_accuracy,eval_runtime,eval_samples_per_second,epoch,run,test
0,0.3171400725841522,0.9318421052631579,100.3818,75.711,2.81,./results/bert-base-uncased-targeted-TextMix,ORIG
1,0.2665741741657257,0.9247368421052632,100.6403,75.516,1.26,./results/bert-base-uncased-targeted-SentMix,ORIG
2,0.2804955542087555,0.9144736842105263,100.2954,75.776,0.91,./results/bert-base-uncased-targeted-WordMix,ORIG
3,0.29607823491096497,0.9293421052631579,99.1261,76.67,1.19,./results/roberta-base-targeted-TextMix,ORIG
4,0.34409430623054504,0.9230263157894737,99.5304,76.359,1.12,./results/roberta-base-targeted-SentMix,ORIG
5,0.31485864520072937,0.9194736842105263,99.5634,76.333,1.89,./results/roberta-base-targeted-WordMix,ORIG
6,0.32719963788986206,0.9255263157894736,220.9299,34.4,0.89,./results/xlnet-base-cased-targeted-TextMix,ORIG
7,0.3171863555908203,0.9261842105263158,221.0561,34.38,0.95,./results/xlnet-base-cased-targeted-SentMix,ORIG
8,0.35764938592910767,0.9128947368421053,221.0741,34.378,1.11,./results/xlnet-base-cased-targeted-WordMix,ORIG
