,eval_loss,eval_accuracy,eval_f1,eval_precision,eval_recall,eval_runtime,eval_samples_per_second,epoch,run,test
0,24.480539321899414,0.9343421052631579,0.9342633670695392,0.9342082629365714,0.934342105263158,61.8223,122.933,2.81,./results/bert-base-uncased-targeted-TextMix,ORIG
1,26.8177547454834,0.9328947368421052,0.9329163788471664,0.9337170333495173,0.9328947368421052,61.8966,122.785,5.26,./results/bert-base-uncased-targeted-SentMix,ORIG
2,20.79989242553711,0.91,0.9096879772493497,0.9113614704353348,0.9100000000000001,61.8091,122.959,2.11,./results/bert-base-uncased-targeted-WordMix,ORIG
3,23.608760833740234,0.93,0.9302832264201846,0.9312619021637497,0.9299999999999999,60.8437,124.91,2.28,./results/roberta-base-targeted-TextMix,ORIG
4,23.41080665588379,0.9351315789473684,0.9352812099451323,0.9360632134689295,0.9351315789473684,60.5309,125.556,3.16,./results/roberta-base-targeted-SentMix,ORIG
5,21.083614349365234,0.9173684210526316,0.9174963589172196,0.9179184898911081,0.9173684210526316,61.4087,123.761,3.51,./results/roberta-base-targeted-WordMix,ORIG
6,29.766590118408203,0.9384210526315789,0.9382906761700585,0.9386953278978558,0.9384210526315789,138.3363,54.939,8.07,./results/xlnet-base-cased-targeted-TextMix,ORIG
7,22.84684181213379,0.9336842105263158,0.9337134499138177,0.9341871089752022,0.9336842105263158,138.3086,54.95,2.46,./results/xlnet-base-cased-targeted-SentMix,ORIG
8,19.878807067871094,0.9064473684210527,0.9063317617010482,0.9085388074682332,0.9064473684210527,138.3666,54.927,2.28,./results/xlnet-base-cased-targeted-WordMix,ORIG
