,eval_loss,eval_accuracy,eval_f1,eval_precision,eval_recall,eval_runtime,eval_samples_per_second,epoch,run,test
0,3.8884871006011963,0.9392724573125464,0.9382225675862759,0.9393564136059972,0.9372503844920124,17.6167,382.307,17.78,./results/bert-base-uncased-targeted-TextMix,ORIG
1,3.712137460708618,0.9376391982182628,0.9366704266945021,0.9369365518694865,0.9364153494652911,16.9257,397.916,15.84,./results/bert-base-uncased-targeted-SentMix,ORIG
2,2.8262295722961426,0.9373422420193022,0.9362260902532189,0.9376362285894349,0.9350536964217183,16.9506,397.331,15.84,./results/bert-base-uncased-targeted-WordMix,ORIG
3,2.9884274005889893,0.9435783221974758,0.9427891787608251,0.9423966499162479,0.9432109504327504,16.545,407.072,15.84,./results/roberta-base-targeted-TextMix,ORIG
4,2.7558422088623047,0.9429844097995546,0.9421787597086402,0.9418434046063713,0.9425350464111215,16.5536,406.861,15.56,./results/roberta-base-targeted-SentMix,ORIG
5,1.4908337593078613,0.880920564216778,0.8758818492505398,0.8951886823536714,0.8692707020666626,16.5048,408.064,7.22,./results/roberta-base-targeted-WordMix,ORIG
6,2.389803647994995,0.9273942093541203,0.9260501016250737,0.927810066510642,0.9246463228386823,26.3955,255.158,6.67,./results/xlnet-base-cased-targeted-TextMix,ORIG
7,2.586996555328369,0.9361544172234595,0.9352841806698615,0.9347649379982681,0.9358589726974871,26.3615,255.486,9.17,./results/xlnet-base-cased-targeted-SentMix,ORIG
8,1.8109349012374878,0.8974016332590943,0.8953633509736856,0.8977366081715648,0.8936208335958666,26.3755,255.351,4.17,./results/xlnet-base-cased-targeted-WordMix,ORIG
