,eval_loss,eval_accuracy,eval_f1,eval_precision,eval_recall,eval_runtime,eval_samples_per_second,epoch,run,test
0,4.211819648742676,0.9315515961395694,0.930008583139513,0.9342971418858865,0.9271840059198881,27.3246,246.481,12.5,./results/bert-base-uncased-targeted-TextMix,ORIG
1,4.2843403816223145,0.9374907201187824,0.9366051873058385,0.9362883046318555,0.9369410277321129,27.3015,246.69,13.34,./results/bert-base-uncased-targeted-SentMix,ORIG
2,3.08549165725708,0.9410541945063103,0.9402020302050313,0.9399998801820804,0.9404114798431673,27.4086,245.726,10.28,./results/bert-base-uncased-targeted-WordMix,ORIG
3,3.8327736854553223,0.9447661469933185,0.9439736786176606,0.9437247452172359,0.9442337117154788,27.2466,247.187,10.56,./results/roberta-base-targeted-TextMix,ORIG
4,4.8613739013671875,0.948626577579807,0.9478128474574936,0.9482302967811351,0.9474205830674587,27.2536,247.124,17.5,./results/roberta-base-targeted-SentMix,ORIG
5,3.155343770980835,0.9371937639198218,0.936056999465882,0.9376239927656961,0.9347750381628013,24.5179,274.697,19.45,./results/roberta-base-targeted-WordMix,ORIG
