,eval_loss,eval_accuracy,eval_f1,eval_precision,eval_recall,eval_runtime,eval_samples_per_second,epoch,run,test
0,27.071096420288086,0.9306578947368421,0.930685905086747,0.9309863143174393,0.9306578947368422,61.7877,123.002,5.26,./results/bert-base-uncased-targeted-TextMix,ORIG
1,24.861095428466797,0.9298684210526316,0.9302086197215405,0.9314223893874708,0.9298684210526316,61.8363,122.905,3.68,./results/bert-base-uncased-targeted-SentMix,ORIG
2,21.50132179260254,0.9085526315789474,0.9085825387020183,0.9086716755290601,0.9085526315789474,61.6814,123.214,1.93,./results/bert-base-uncased-targeted-WordMix,ORIG
3,25.243261337280273,0.9360526315789474,0.9359662658623298,0.9361662118240563,0.9360526315789472,61.1577,124.269,5.18,./results/roberta-base-targeted-TextMix,ORIG
4,25.53358268737793,0.9375,0.9376240867980787,0.9383416662662304,0.9375,61.2393,124.103,4.3,./results/roberta-base-targeted-SentMix,ORIG
5,21.70138931274414,0.9088157894736842,0.9087583705618749,0.9105993282375267,0.9088157894736842,61.5478,123.481,3.25,./results/roberta-base-targeted-WordMix,ORIG
6,27.15379524230957,0.9328947368421052,0.9329292708245343,0.9333931286860029,0.9328947368421052,138.3675,54.926,6.58,./results/xlnet-base-cased-targeted-TextMix,ORIG
7,24.25064468383789,0.935921052631579,0.9360067471173967,0.936320568584647,0.935921052631579,138.5276,54.863,4.12,./results/xlnet-base-cased-targeted-SentMix,ORIG
8,20.25948143005371,0.9161842105263158,0.9163314377461362,0.9169453092152762,0.9161842105263158,138.4677,54.886,2.81,./results/xlnet-base-cased-targeted-WordMix,ORIG
