,eval_loss,eval_accuracy,eval_f1,eval_precision,eval_recall,eval_runtime,eval_samples_per_second,epoch,run,test
0,4.211819649,0.931551596,0.930008583,0.934297142,0.927184006,27.3246,246.481,12.5,./results/bert-base-uncased-targeted-TextMix,ORIG
1,4.284340382,0.93749072,0.936605187,0.936288305,0.936941028,27.3015,246.69,13.34,./results/bert-base-uncased-targeted-SentMix,ORIG
2,3.085491657,0.941054195,0.94020203,0.93999988,0.94041148,27.4086,245.726,10.28,./results/bert-base-uncased-targeted-WordMix,ORIG
3,3.832773685,0.944766147,0.943973679,0.943724745,0.944233712,27.2466,247.187,10.56,./results/roberta-base-targeted-TextMix,ORIG
4,4.861373901,0.948626578,0.947812847,0.948230297,0.947420583,27.2536,247.124,17.5,./results/roberta-base-targeted-SentMix,ORIG
5,3.155343771,0.937193764,0.936056999,0.937623993,0.934775038,24.5179,274.697,19.45,./results/roberta-base-targeted-WordMix,ORIG
6,3.637127399,0.919227914,0.91713241,0.92369406,0.913378362,34.5963,194.674,18.89,./results/xlnet-base-cased-targeted-TextMix,ORIG
7,3.046437502,0.91017075,0.908095734,0.912550916,0.905264471,32.8534,205.002,18.06,./results/xlnet-base-cased-targeted-SentMix,ORIG
8,1.507486105,0.90081663,0.898702412,0.901944001,0.896483581,32.7872,205.415,5.28,./results/xlnet-base-cased-targeted-WordMix,ORIG
